{
  "catboost": {
    "rmse": 196.7414580568529,
    "mae": 92.42717193702435
  },
  "random_forest": {
    "rmse": 197.407008405992,
    "mae": 92.69926536026365
  }
}