{
  "catboost": {
    "rmse": 196.74126256571864,
    "mae": 92.42602190343251
  },
  "random_forest": {
    "rmse": 197.407008405992,
    "mae": 92.69926536026365
  }
}