{
  "catboost": {
    "rmse": 547.4678110919572,
    "mae": 271.5595868186885
  },
  "random_forest": {
    "rmse": 541.2006066809589,
    "mae": 249.6360967915634
  }
}